<?xml version='1.0' encoding='UTF-8'?>
<tags>

  <resource identifier="${gimp_data_dir}/brushes/Round.vbr" checksum="a7f02530d3bc7484c8f9240cbe9c65b1">
    <tag>redondo</tag>
  </resource>

  <resource identifier="${gimp_data_dir}/brushes/Round-Fuzzy.vbr" checksum="f8cb2466841104a55e42afce4568d103">
    <tag>difuso</tag>
    <tag>redondo</tag>
  </resource>

  <resource identifier="gimp-brush-clipboard" checksum="157dcef48665ab465439cfaf10d6feeb">
  </resource>

  <resource identifier="${gimp_dir}/brushes/floral1_brush_by hawksmont1.gbr" checksum="c12f786d671bd2b1e07beaf7725ec51e">
  </resource>

  <resource identifier="${gimp_dir}/brushes/floral1_brush_by hawksmont2.gbr" checksum="533267b083b13973d48cd21ac9f6cf7e">
  </resource>

  <resource identifier="${gimp_dir}/brushes/floral1_brush_by hawksmont3.gbr" checksum="77eae73ecb08bab9bd005d9815737d20">
  </resource>

  <resource identifier="${gimp_dir}/brushes/floral1_brush_by hawksmont4.gbr" checksum="9807c77c96981741d11c81f510ee2c2b">
  </resource>

  <resource identifier="${gimp_dir}/brushes/floral1_brush_by hawksmont5.gbr" checksum="e42cc12b56c71be1d7e8a7edf56604e3">
  </resource>

  <resource identifier="${gimp_dir}/brushes/floral1_brush_by hawksmont6.gbr" checksum="67c0780f87cd9c5e5acc1b3a791fa4ec">
  </resource>

  <resource identifier="${gimp_dir}/brushes/floral1_brush_by hawksmont7.gbr" checksum="aa2bed4ef9e109522c0498497ab33891">
  </resource>

  <resource identifier="${gimp_dir}/brushes/floral1_brush_by hawksmont8.gbr" checksum="31ed9eed2f677471136c60452fd088d5">
  </resource>

  <resource identifier="${gimp_dir}/brushes/floral1_brush_by hawksmont9.gbr" checksum="9f98d43bfae0acd73032cdb4cb2e822a">
  </resource>

  <resource identifier="${gimp_dir}/brushes/floral2_brush_by hawksmont1.gbr" checksum="40c0a9539e4516060127bfe824997794">
  </resource>

  <resource identifier="${gimp_dir}/brushes/floral2_brush_by hawksmont2.gbr" checksum="1bb10849bd84b72e0960dbc1fd04c2b3">
  </resource>

  <resource identifier="${gimp_dir}/brushes/floral2_brush_by hawksmont3.gbr" checksum="db3c83e1708c40287cc922e1281e3f2f">
  </resource>

  <resource identifier="${gimp_dir}/brushes/floral2_brush_by hawksmont4.gbr" checksum="dec6f1498a6ae58e31e56157db1487c7">
  </resource>

  <resource identifier="${gimp_dir}/brushes/floral2_brush_by hawksmont5.gbr" checksum="b575c8837a3e24ac3ad4fd759e604bfe">
  </resource>

  <resource identifier="${gimp_dir}/brushes/floral2_brush_by hawksmont6.gbr" checksum="3a271fd95cb6751d371a9c99a184c7ba">
  </resource>

  <resource identifier="${gimp_dir}/brushes/Galactic_1.gbr" checksum="36cbdeb12b0866f241af2754693496ca">
  </resource>

  <resource identifier="${gimp_dir}/brushes/Galactic_10.gbr" checksum="3dd3a10f0024e3617f2a81850de0be98">
  </resource>

  <resource identifier="${gimp_dir}/brushes/Galactic_11.gbr" checksum="88fdb69b110e3d8b9889fe49e8778212">
  </resource>

  <resource identifier="${gimp_dir}/brushes/Galactic_12.gbr" checksum="3597203bf798794191e112edb7c36ac5">
  </resource>

  <resource identifier="${gimp_dir}/brushes/Galactic_13.gbr" checksum="a8f81a2ff14ef6cb41f55652d4d21908">
  </resource>

  <resource identifier="${gimp_dir}/brushes/Galactic_14.gbr" checksum="80b20920415967da70de25d6db1ec86b">
  </resource>

  <resource identifier="${gimp_dir}/brushes/Galactic_15.gbr" checksum="07a7074be79225cfa020bf55523c32a1">
  </resource>

  <resource identifier="${gimp_dir}/brushes/Galactic_2.gbr" checksum="ce4b370c414f7f8da9e0797996e70a20">
  </resource>

  <resource identifier="${gimp_dir}/brushes/Galactic_3.gbr" checksum="04b160c8c5fe2a18038ea26bbeaf7193">
  </resource>

  <resource identifier="${gimp_dir}/brushes/Galactic_4.gbr" checksum="351e4c4c967a0a5fca228a23f3a5c329">
  </resource>

  <resource identifier="${gimp_dir}/brushes/Galactic_5.gbr" checksum="416efea045a864c057447d2a3dfa629c">
  </resource>

  <resource identifier="${gimp_dir}/brushes/Galactic_6.gbr" checksum="4bf98987eafa27082a7f2d58f03dc6fd">
  </resource>

  <resource identifier="${gimp_dir}/brushes/Galactic_7.gbr" checksum="bf6d2f7051119f974b7b07d31d58bb92">
  </resource>

  <resource identifier="${gimp_dir}/brushes/Galactic_8.gbr" checksum="c7286b5756b1b28523dd138126889450">
  </resource>

  <resource identifier="${gimp_dir}/brushes/Galactic_9.gbr" checksum="bba90a91a83932aec9b7aec1e02cd49e">
  </resource>

  <resource identifier="${gimp_dir}/brushes/damnicons_7.gbr" checksum="7a207869d3f0f84f65e2e2b0d16b5f9c">
  </resource>

  <resource identifier="${gimp_dir}/brushes/honeycomb2.gbr" checksum="576094a7e9934e9b360f9db5b9e6881b">
  </resource>

  <resource identifier="${gimp_dir}/brushes/cloud002.gbr" checksum="6918224d8fe90f57c4cc857d6d42a98d">
  </resource>

  <resource identifier="${gimp_dir}/brushes/damnicons_3.gbr" checksum="a60f20d0d3cc6a582f22da6e41b584d8">
  </resource>

  <resource identifier="${gimp_dir}/brushes/halftonestar.gbr" checksum="ec48e0d152ea17f523d29d0178ba05bb">
  </resource>

  <resource identifier="${gimp_dir}/brushes/cloud001.gbr" checksum="d17c35b1e338795981aa76d4d74aacaf">
  </resource>

  <resource identifier="${gimp_dir}/brushes/groove002.gbr" checksum="b56ba1d969a0af762212e34f7ebd8074">
  </resource>

  <resource identifier="${gimp_dir}/brushes/badge002.gbr" checksum="e15f48d4915a909a96ca89d3a8434bc8">
  </resource>

  <resource identifier="${gimp_dir}/brushes/damnicons_8.gbr" checksum="6bac6ace29dc88365b5d0ca1953e5086">
  </resource>

  <resource identifier="${gimp_dir}/brushes/damnicons_10.gbr" checksum="0abf7bddc0a878d4cbb875a179f040a7">
  </resource>

  <resource identifier="${gimp_dir}/brushes/damnicons_5.gbr" checksum="8f18e44bbfbb06a3b2ea013dbd714d4d">
  </resource>

  <resource identifier="${gimp_dir}/brushes/honeycomb.gbr" checksum="e30095e0dbb12fb7e85bb51f8d245935">
  </resource>

  <resource identifier="${gimp_dir}/brushes/groove003.gbr" checksum="ab2c24bfec425fb3e5e6359e92be9e2a">
  </resource>

  <resource identifier="${gimp_dir}/brushes/star002.gbr" checksum="c592d5a5a5e9f634556b18e13a098690">
  </resource>

  <resource identifier="${gimp_dir}/brushes/groove001.gbr" checksum="733b24ea218898e5d7e2df6f4053aa5d">
  </resource>

  <resource identifier="${gimp_dir}/brushes/groove006.gbr" checksum="e108bda9745f97c3cf4e74c49eb1392c">
  </resource>

  <resource identifier="${gimp_dir}/brushes/arrow001.gbr" checksum="3a28be6a1c4e651d97c20cf291bfad05">
  </resource>

  <resource identifier="${gimp_dir}/brushes/orb001.gbr" checksum="816e9ed2891c531e53cb98d905dcdf12">
  </resource>

  <resource identifier="${gimp_dir}/brushes/groove005.gbr" checksum="1cb01c113061904d1c00aa8798bf25eb">
  </resource>

  <resource identifier="${gimp_dir}/brushes/badge001.gbr" checksum="cb73552a90680e3551a2166aba301986">
  </resource>

  <resource identifier="${gimp_dir}/brushes/damnicons_6.gbr" checksum="91e5e76ac1ed25600752d08e1b2e0b22">
  </resource>

  <resource identifier="${gimp_dir}/brushes/orb003.gbr" checksum="899c5796db923a44abac51f5827b6b06">
  </resource>

  <resource identifier="${gimp_dir}/brushes/halftone001.gbr" checksum="67590289d6ec8c6a242e33738dded477">
  </resource>

  <resource identifier="${gimp_dir}/brushes/groove004.gbr" checksum="391de1f7fa353912fd3b62031e9ca0cf">
  </resource>

  <resource identifier="${gimp_dir}/brushes/swirls001.gbr" checksum="2aa8b1e476db31918ae21181337cddad">
  </resource>

  <resource identifier="${gimp_dir}/brushes/damnicons_4.gbr" checksum="d0424d6391c3816ff76bdc4116386e3d">
  </resource>

  <resource identifier="${gimp_dir}/brushes/orb002.gbr" checksum="f10354d293ba63dbfde14aa0544d624f">
  </resource>

  <resource identifier="${gimp_dir}/brushes/ribbon001.gbr" checksum="72302dc7283351bc57dc8166f5850987">
  </resource>

  <resource identifier="${gimp_dir}/brushes/damnicons_9.gbr" checksum="9e208dbe37d28558daf7371e1c85d60d">
  </resource>

  <resource identifier="${gimp_dir}/brushes/icon001.gbr" checksum="9ea0c25de31f825cc2ff2c3b5c9a61dd">
  </resource>

  <resource identifier="${gimp_dir}/brushes/damnicons_1.gbr" checksum="d97fb8f163419adfe8cfb38308d2ad16">
  </resource>

  <resource identifier="${gimp_dir}/brushes/swirl001.gbr" checksum="71f772594241175764fd13bcca7e840c">
  </resource>

  <resource identifier="${gimp_dir}/brushes/starhalf.gbr" checksum="195a3ea130ccbe9d2842e8bacab350c5">
  </resource>

  <resource identifier="${gimp_dir}/brushes/damnicons_2.gbr" checksum="5c1972253cbb9ce6dc77e8a2e530f893">
  </resource>

  <resource identifier="${gimp_dir}/brushes/startrail.gbr" checksum="245c9b9b365003dd3085c1387b563b94">
  </resource>

  <resource identifier="${gimp_dir}/brushes/grass1b_100px.gih" checksum="bda96fddb7fb6ab6a1a8db9b7420e8a8">
  </resource>

  <resource identifier="${gimp_dir}/brushes/grass1a_100px.gih" checksum="6c725a181f76dd889b3a51e70ecb73fe">
  </resource>

  <resource identifier="${gimp_dir}/brushes/grass1a_100px_color.gih" checksum="f1949aba544fdde596ba37d0c50ba646">
  </resource>

  <resource identifier="${gimp_dir}/brushes/grass1a_50px.gih" checksum="d15e511a5a05ba728d1ca1e08f4089c7">
  </resource>

  <resource identifier="${gimp_dir}/brushes/grass1a_200px.gih" checksum="cdf94647d6968fa6ab2bb21f48bf3c10">
  </resource>

  <resource identifier="${gimp_dir}/brushes/grass1b_200px.gih" checksum="fccbae4f14ae90106aae0adf0f013e56">
  </resource>

  <resource identifier="${gimp_dir}/brushes/grass1b_50px.gih" checksum="6bed7a55f0c2976b341a03a8855d791a">
  </resource>

  <resource identifier="${gimp_dir}/brushes/grass2a_125px.gih" checksum="c32b6601aa5315d89bc3bc105f687000">
  </resource>

  <resource identifier="${gimp_dir}/brushes/grass2a_62px.gih" checksum="05f704b525d38c65287d1962bd4e9ced">
  </resource>

  <resource identifier="${gimp_dir}/brushes/grass2b_125px.gih" checksum="2417af1b243804e169ca646bb62782cd">
  </resource>

  <resource identifier="${gimp_dir}/brushes/grass2a_125px_color.gih" checksum="cb125a12fe9ac057cda50d024b79e16c">
  </resource>

  <resource identifier="${gimp_dir}/brushes/grass2b_62px.gih" checksum="cb2b9651593cadc96886e15fe00a3b25">
  </resource>

  <resource identifier="${gimp_dir}/brushes/grass2a_250px.gih" checksum="d1902603870c9c2763de6999c44a8536">
  </resource>

  <resource identifier="${gimp_dir}/brushes/grass2b_250px.gih" checksum="d31870bd5490a07648ec716dc048af09">
  </resource>

  <resource identifier="${gimp_dir}/brushes/InnerUniverse_1.gbr" checksum="394915d611ef5a95a3604f8bd6458cb5">
  </resource>

  <resource identifier="${gimp_dir}/brushes/InnerUniverse_2.gbr" checksum="0fca12c28055427f61c9b5e3c6ea06a6">
  </resource>

  <resource identifier="${gimp_dir}/brushes/InnerUniverse_3.gbr" checksum="6677eaebd8a34a0ed33777a5aa5aa2d0">
  </resource>

  <resource identifier="${gimp_dir}/brushes/InnerUniverse_4.gbr" checksum="f0970e9259f11c0044d65f13cbd58b58">
  </resource>

  <resource identifier="${gimp_dir}/brushes/InnerUniverse_5.gbr" checksum="3578b1cfa2c22d1ab7b876f131dffec7">
  </resource>

  <resource identifier="${gimp_dir}/brushes/InnerUniverse_6.gbr" checksum="fa0fc465b6f18a75a962bf8253f400e0">
  </resource>

  <resource identifier="${gimp_dir}/brushes/InnerUniverse_7.gbr" checksum="924852cc807aac4cdbd230c4e8f91a80">
  </resource>

  <resource identifier="${gimp_dir}/brushes/InnerUniverse_8.gbr" checksum="a93132706909e283676e819a0c0f8006">
  </resource>

  <resource identifier="${gimp_dir}/brushes/pgb2-9.gbr" checksum="8224ceed258d0606220f27ff5851a099">
  </resource>

  <resource identifier="${gimp_dir}/brushes/pgb2.gbr" checksum="33b2c401c3a6450f0c5ac65cee67e6ed">
  </resource>

  <resource identifier="${gimp_dir}/brushes/pgb2-1.gbr" checksum="b12e8124923a732ac72c8dbe4b3c594c">
  </resource>

  <resource identifier="${gimp_dir}/brushes/pgb2-2.gbr" checksum="1f0e4ab04984b7c06384dd2438e0c0d2">
  </resource>

  <resource identifier="${gimp_dir}/brushes/pgb2-3.gbr" checksum="b2055aa6c9353ece8e197f7c931b523a">
  </resource>

  <resource identifier="${gimp_dir}/brushes/pgb2-4.gbr" checksum="faa0c455e1caf0b2df995ff7ffa4e072">
  </resource>

  <resource identifier="${gimp_dir}/brushes/pgb2-5.gbr" checksum="7ba1c02cecc49fa12fb90def71b068c4">
  </resource>

  <resource identifier="${gimp_dir}/brushes/pgb2-6.gbr" checksum="d31bca93b889c52a1581d1c5d5b11148">
  </resource>

  <resource identifier="${gimp_dir}/brushes/pgb2-7.gbr" checksum="cdd64f8d47fec37aa384c2712c7df822">
  </resource>

  <resource identifier="${gimp_dir}/brushes/pgb2-8.gbr" checksum="5e3a6768969d389f95fcf745534a9bf6">
  </resource>

  <resource identifier="${gimp_dir}/brushes/Rush_1.gbr" checksum="b3717d4ba292acff7867a2510a191da8">
  </resource>

  <resource identifier="${gimp_dir}/brushes/Rush_10.gbr" checksum="f63cd120302fd2ea0ee63a8ce28c7361">
  </resource>

  <resource identifier="${gimp_dir}/brushes/Rush_11.gbr" checksum="b44a4adcd80f43ee7a5303237dd2cccb">
  </resource>

  <resource identifier="${gimp_dir}/brushes/Rush_12.gbr" checksum="bbc864e6d2c0153106a19d8081211585">
  </resource>

  <resource identifier="${gimp_dir}/brushes/Rush_2.gbr" checksum="99c005ed06efac6b51adff68e48961aa">
  </resource>

  <resource identifier="${gimp_dir}/brushes/Rush_3.gbr" checksum="8d7b43124ac400a27fbd928f6abcf213">
  </resource>

  <resource identifier="${gimp_dir}/brushes/Rush_4.gbr" checksum="c167d4fbd33c2ea3e6de17ffc687c8b6">
  </resource>

  <resource identifier="${gimp_dir}/brushes/Rush_5.gbr" checksum="20f5e5d4fd762bc953e8811247364f4b">
  </resource>

  <resource identifier="${gimp_dir}/brushes/Rush_6.gbr" checksum="03debca1fe781f7339bd59b615f79238">
  </resource>

  <resource identifier="${gimp_dir}/brushes/Rush_7.gbr" checksum="80811cdc31c53812b2cd398c944b6e11">
  </resource>

  <resource identifier="${gimp_dir}/brushes/Rush_8.gbr" checksum="2b22613fe1eeb504a46aaebd91e4b1f6">
  </resource>

  <resource identifier="${gimp_dir}/brushes/Rush_9.gbr" checksum="a32ee42f376ec47871423e465160f873">
  </resource>

  <resource identifier="${gimp_dir}/brushes/Splatter Brush1.gbr" checksum="ae0ab16ea8636329ca1e03a3fb564253">
  </resource>

  <resource identifier="${gimp_dir}/brushes/Splatter Brush10.gbr" checksum="f852a732a40b7f12e3109296163343ed">
  </resource>

  <resource identifier="${gimp_dir}/brushes/Splatter Brush11.gbr" checksum="16b6792659a797d5b8394291a0e31440">
  </resource>

  <resource identifier="${gimp_dir}/brushes/Splatter Brush2.gbr" checksum="1e60906582791b13e5aa4de8f00d8989">
  </resource>

  <resource identifier="${gimp_dir}/brushes/Splatter Brush3.gbr" checksum="60d7776bfcf2d83871521054386c4b50">
  </resource>

  <resource identifier="${gimp_dir}/brushes/Splatter Brush4.gbr" checksum="af05346303d554152e14b278d71c0fe3">
  </resource>

  <resource identifier="${gimp_dir}/brushes/Splatter Brush5.gbr" checksum="1fad6a3acfea595836ae773d556cc37c">
  </resource>

  <resource identifier="${gimp_dir}/brushes/Splatter Brush6.gbr" checksum="2267189ec9441f76b8b376cf58126a8e">
  </resource>

  <resource identifier="${gimp_dir}/brushes/Splatter Brush7.gbr" checksum="ef6378d7c940cc399966e3ecf2540e29">
  </resource>

  <resource identifier="${gimp_dir}/brushes/Splatter Brush8.gbr" checksum="af4b4fe4e4002b7b3ad21b0a50fc5473">
  </resource>

  <resource identifier="${gimp_dir}/brushes/Splatter Brush9.gbr" checksum="c7efa181b7aa881a7731848f16ca8a09">
  </resource>

  <resource identifier="${gimp_dir}/brushes/v3.gbr" checksum="ddc7efffc5aaf5cdf996b4e830d93c7d">
  </resource>

  <resource identifier="${gimp_dir}/brushes/v14.gbr" checksum="4072546f795ff76fa9c5ec205fe9c34a">
  </resource>

  <resource identifier="${gimp_dir}/brushes/v11.gbr" checksum="0e3c74d29752213e754b301f2faef70b">
  </resource>

  <resource identifier="${gimp_dir}/brushes/v13.gbr" checksum="b53f6e20417ca8bd76c8ed867157433c">
  </resource>

  <resource identifier="${gimp_dir}/brushes/v9.gbr" checksum="4fdf1119364603c03060be9362250484">
  </resource>

  <resource identifier="${gimp_dir}/brushes/v10.gbr" checksum="235876b38d8dcebf4f6ba1349e4a8480">
  </resource>

  <resource identifier="${gimp_dir}/brushes/v2.gbr" checksum="f7e118bd80ba65c4b272feb43aeb5f9b">
  </resource>

  <resource identifier="${gimp_dir}/brushes/v15.gbr" checksum="e9ab2cb36af22cf0616efa9264d4bcf0">
  </resource>

  <resource identifier="${gimp_dir}/brushes/v6.gbr" checksum="9ceedbb011f16807fbbf551b29e3dc18">
  </resource>

  <resource identifier="${gimp_dir}/brushes/v12.gbr" checksum="db00d0233ed0189237aca88552dc807f">
  </resource>

  <resource identifier="${gimp_dir}/brushes/v1.gbr" checksum="26399920b1b34f6eb39a2baa879c0ea1">
  </resource>

  <resource identifier="${gimp_dir}/brushes/v7.gbr" checksum="cde26fd5acda676ba84257c50c9a8fbf">
  </resource>

  <resource identifier="${gimp_dir}/brushes/v5.gbr" checksum="59dd91b62bc716678ba1e64eb4ad7096">
  </resource>

  <resource identifier="${gimp_dir}/brushes/v4.gbr" checksum="31aa870225f51eaf3387ba3584e67818">
  </resource>

  <resource identifier="${gimp_dir}/brushes/v8.gbr" checksum="935a009fd7d0a31e5f65730165f13db7">
  </resource>

  <resource identifier="${gimp_data_dir}/brushes/Basic/1-pixel.vbr" checksum="b22c1fec1056f979b1d17e4cc80e9112">
  </resource>

  <resource identifier="${gimp_data_dir}/brushes/Basic/Block-01.vbr" checksum="5a8e52d10d9a0cddcc31cf3507a41d06">
  </resource>

  <resource identifier="${gimp_data_dir}/brushes/Basic/Block-02.vbr" checksum="a6ab0bd0159ddcde4405e9cf0d3a07fc">
  </resource>

  <resource identifier="${gimp_data_dir}/brushes/Basic/Block-03.vbr" checksum="70399a5e4e39151d23cf365749da49f5">
  </resource>

  <resource identifier="${gimp_data_dir}/brushes/Basic/Hardness-025.vbr" checksum="0e82572c8b71c4155e7364d66bc0ffce">
  </resource>

  <resource identifier="${gimp_data_dir}/brushes/Basic/Hardness-050.vbr" checksum="1203f10747c787a9345529a4b5150a5e">
    <tag>Sketch</tag>
  </resource>

  <resource identifier="${gimp_data_dir}/brushes/Basic/Hardness-075.vbr" checksum="eaf8d3adf6df55c97dd30aee0a1bba22">
  </resource>

  <resource identifier="${gimp_data_dir}/brushes/Basic/Hardness-100.vbr" checksum="c67eef177816d6ef25cc790cb54ab9e3">
  </resource>

  <resource identifier="${gimp_data_dir}/brushes/Basic/Star.vbr" checksum="9f799f34788daa90ffb9cf981226a120">
  </resource>

  <resource identifier="${gimp_data_dir}/brushes/Media/Acrylic-01.gih" checksum="9ec0779f4c84fb3d0844bcdb069c8e0a">
  </resource>

  <resource identifier="${gimp_data_dir}/brushes/Media/Acrylic-02.gih" checksum="da0b21c73078882a59430ce68e8860b9">
  </resource>

  <resource identifier="${gimp_data_dir}/brushes/Media/Acrylic-03.gih" checksum="46c0656093b556418dbcd24de48a2596">
  </resource>

  <resource identifier="${gimp_data_dir}/brushes/Media/Acrylic-04.gih" checksum="11311bde958533f3b7ada598af5c6d46">
  </resource>

  <resource identifier="${gimp_data_dir}/brushes/Media/Acrylic-05.gih" checksum="69d6b269dffc2db6a6f44b380aaf1e5e">
  </resource>

  <resource identifier="${gimp_data_dir}/brushes/Legacy/confetti.gih" checksum="d136b60fdd9cf41693a485a329b32e95">
  </resource>

  <resource identifier="${gimp_data_dir}/brushes/Media/Bristles-01.gbr" checksum="fdb59dabc3b9fc9716bd87cfe225ba3b">
  </resource>

  <resource identifier="${gimp_data_dir}/brushes/Media/Bristles-02.gbr" checksum="6432476cb5cb5b5642433465e23f7402">
  </resource>

  <resource identifier="${gimp_data_dir}/brushes/Media/Bristles-03.gbr" checksum="6162ce91b1218ec8f0f98bfab930d5bf">
  </resource>

  <resource identifier="${gimp_data_dir}/brushes/Texture/Cell-01.gbr" checksum="4814485c0f5974fa193eb15f710c3d1c">
  </resource>

  <resource identifier="${gimp_data_dir}/brushes/Texture/Cell-02.gbr" checksum="e5ce74dd25bdd3fc05ab8d930c6f9e44">
  </resource>

  <resource identifier="${gimp_data_dir}/brushes/Sketch/Chalk-01.gih" checksum="832186dc1b71adbcb2f1a6ba08ce302f">
  </resource>

  <resource identifier="${gimp_data_dir}/brushes/Sketch/Chalk-02.gih" checksum="27729bcad9c20129add5833bfcba2da8">
  </resource>

  <resource identifier="${gimp_data_dir}/brushes/Sketch/Chalk-03.gih" checksum="6d195118ceb4102d508eb3faedcf6dcc">
  </resource>

  <resource identifier="${gimp_data_dir}/brushes/Sketch/Charcoal-01.gbr" checksum="1cd3f9664c688103f0b230299dcf6987">
  </resource>

  <resource identifier="${gimp_data_dir}/brushes/Sketch/Charcoal-02.gbr" checksum="e77611c1661ab0d3bf4503d3238a5644">
  </resource>

  <resource identifier="${gimp_data_dir}/brushes/Legacy/confetti.gbr" checksum="ba5a4759cb321b81e232bba3f33dce76">
  </resource>

  <resource identifier="${gimp_dir}/brushes/damnicons_vector.abr" checksum="e3b04e2c7ab0b7107ecb2e6388814d2d">
  </resource>

  <resource identifier="${gimp_dir}/brushes/damnicons_vector.abr" checksum="231711901d7a16907e6971b4324630f2">
  </resource>

  <resource identifier="${gimp_dir}/brushes/damnicons_vector.abr" checksum="b533d359030f5543441db9074669a140">
  </resource>

  <resource identifier="${gimp_dir}/brushes/damnicons_vector.abr" checksum="207c3f86751ef9624fceaa49e131e679">
  </resource>

  <resource identifier="${gimp_dir}/brushes/damnicons_vector.abr" checksum="bc4e617636e808ebdbcf9d58b949d418">
  </resource>

  <resource identifier="${gimp_dir}/brushes/damnicons_vector.abr" checksum="0568ed3673a5ddad59dde84388407b1b">
  </resource>

  <resource identifier="${gimp_dir}/brushes/damnicons_vector.abr" checksum="806c073833d7652ea964fdce39b93be4">
  </resource>

  <resource identifier="${gimp_dir}/brushes/damnicons_vector.abr" checksum="b2fc5a8d18b98ef5863c33c56e70358a">
  </resource>

  <resource identifier="${gimp_dir}/brushes/damnicons_vector.abr" checksum="236ce9c1115e7c0cba58a9bc9946eaf9">
  </resource>

  <resource identifier="${gimp_dir}/brushes/damnicons_vector.abr" checksum="fbaedcf7ded13e5cbbde4bbba233c96c">
  </resource>

  <resource identifier="${gimp_dir}/brushes/damnicons_vector.abr" checksum="ab7b0e6157b6ee2c565d319732c67145">
  </resource>

  <resource identifier="${gimp_dir}/brushes/damnicons_vector.abr" checksum="8f47114e55089763244e5d9ca4fb6988">
  </resource>

  <resource identifier="${gimp_dir}/brushes/damnicons_vector.abr" checksum="e980e629c64c1ab4bd0c97673101f910">
  </resource>

  <resource identifier="${gimp_dir}/brushes/damnicons_vector.abr" checksum="af24e48c962a8ec9041a437b92320784">
  </resource>

  <resource identifier="${gimp_dir}/brushes/damnicons_vector.abr" checksum="2f18d9957299ccf6b371300e4c3a49bf">
  </resource>

  <resource identifier="${gimp_data_dir}/brushes/Legacy/galaxy.gbr" checksum="12ad36cb50383c2d95dbcf446072ee04">
  </resource>

  <resource identifier="${gimp_data_dir}/brushes/Legacy/galaxy-big.gbr" checksum="afabaf7991e7e812137bb45205acd461">
  </resource>

  <resource identifier="${gimp_data_dir}/brushes/Texture/Grass.gih" checksum="81d3c86640806e7ad40f5e0c93d941ef">
  </resource>

  <resource identifier="${gimp_data_dir}/brushes/Media/Oils-01.gbr" checksum="31ae0d62365e54402dcfe80784c6d691">
  </resource>

  <resource identifier="${gimp_data_dir}/brushes/Media/Oils-02.gbr" checksum="21f2ec5f7d414a2f3fffa97752675f55">
  </resource>

  <resource identifier="${gimp_data_dir}/brushes/Media/Oils-03.gbr" checksum="0128fe2fd4bdf5894c52c787f742b587">
  </resource>

  <resource identifier="${gimp_data_dir}/brushes/Sketch/Pencil-01.gih" checksum="775f1ee9e24fd5b71433472a5bf168ef">
  </resource>

  <resource identifier="${gimp_data_dir}/brushes/Sketch/Pencil-02.gih" checksum="1f5cae22c8f8d30e027ade099c69d34c">
  </resource>

  <resource identifier="${gimp_data_dir}/brushes/Sketch/Pencil-Scratch.gbr" checksum="4213a17b290fd39a5c6c72d75b1aa4ac">
  </resource>

  <resource identifier="${gimp_data_dir}/brushes/Basic/pixel.gbr" checksum="ce0705096e61dc0645b2c13a122d8e8f">
  </resource>

  <resource identifier="${gimp_data_dir}/brushes/Legacy/dunes.gbr" checksum="f0afae839c62535921b0ecabdb7bb998">
  </resource>

  <resource identifier="${gimp_data_dir}/brushes/Texture/Smoke.gbr" checksum="eb1577def9f3a209b3457a9c99333dd9">
  </resource>

  <resource identifier="${gimp_data_dir}/brushes/Splatters/Sparks-Hose.gih" checksum="50faf43769ea9c6986fa38839e348b77">
  </resource>

  <resource identifier="${gimp_data_dir}/brushes/Splatters/Splats-01.gih" checksum="5ce135cbb844ce745db15150c15acde9">
  </resource>

  <resource identifier="${gimp_data_dir}/brushes/Splatters/Splats-02.gih" checksum="e2352e2b26137b13161a859209e89b95">
  </resource>

  <resource identifier="${gimp_data_dir}/brushes/Splatters/Sponge-01.gbr" checksum="355cc39ffe2d0fb382a51eb0a806f2bb">
  </resource>

  <resource identifier="${gimp_data_dir}/brushes/Splatters/Sponge-02.gbr" checksum="4c0798a6621eef155dc86a79fe5df810">
  </resource>

  <resource identifier="${gimp_data_dir}/brushes/Texture/Structure.gbr" checksum="b1f120a7a427525104d7e16703898b67">
  </resource>

  <resource identifier="${gimp_data_dir}/brushes/Texture/Texture-01.gbr" checksum="6c41a55e3cfaf5dc03988f05be6106f8">
  </resource>

  <resource identifier="${gimp_data_dir}/brushes/Texture/Texture-02.gbr" checksum="a2459f434c81d8eefeb063c005db9d80">
  </resource>

  <resource identifier="${gimp_data_dir}/brushes/Texture/Texture-Hose-01.gih" checksum="c36845a56879e601fbfeada31f5b414b">
  </resource>

  <resource identifier="${gimp_data_dir}/brushes/Texture/Texture-Hose-02.gih" checksum="bfd5be7b42a28d038930f1aef897320d">
  </resource>

  <resource identifier="${gimp_data_dir}/brushes/Texture/Texture-Hose-03.gih" checksum="d2818e2a9346edf7c76aeea5a215f5ca">
  </resource>

  <resource identifier="${gimp_data_dir}/brushes/Texture/Vegetation-01.gbr" checksum="5f180b3d17ee11a9367489f2a597a451">
  </resource>

  <resource identifier="${gimp_data_dir}/brushes/Texture/Vegetation-02.gih" checksum="6ce358a6a63479e729469f64bc77e361">
  </resource>

  <resource identifier="${gimp_data_dir}/brushes/Legacy/vine.gih" checksum="3963e1de9cf5ead1f8cb6332b9351c6f">
  </resource>

  <resource identifier="${gimp_data_dir}/brushes/Legacy/pepper.gbr" checksum="70d13804987991dab34140f4cd662644">
  </resource>

  <resource identifier="${gimp_data_dir}/dynamics/Basic-Dynamics.gdyn" checksum="(null)">
  </resource>

  <resource identifier="${gimp_data_dir}/dynamics/Basic/Basic-Simple.gdyn" checksum="(null)">
  </resource>

  <resource identifier="${gimp_data_dir}/dynamics/Color-From-Gradient.gdyn" checksum="(null)">
  </resource>

  <resource identifier="${gimp_data_dir}/dynamics/FX/Confetti.gdyn" checksum="(null)">
  </resource>

  <resource identifier="${gimp_data_dir}/dynamics/Dynamics-Off.gdyn" checksum="(null)">
  </resource>

  <resource identifier="${gimp_data_dir}/dynamics/Basic/Dynamics-Random.gdyn" checksum="(null)">
  </resource>

  <resource identifier="${gimp_data_dir}/dynamics/Fade-Tapering.gdyn" checksum="(null)">
  </resource>

  <resource identifier="${gimp_data_dir}/dynamics/Basic/Negative-Size-Pressure.gdyn" checksum="(null)">
  </resource>

  <resource identifier="${gimp_data_dir}/dynamics/Basic/Pencil-Generic.gdyn" checksum="(null)">
  </resource>

  <resource identifier="${gimp_data_dir}/dynamics/Basic/Pencil-Shader.gdyn" checksum="(null)">
  </resource>

  <resource identifier="${gimp_data_dir}/dynamics/Basic/Pen-Generic.gdyn" checksum="(null)">
  </resource>

  <resource identifier="${gimp_data_dir}/dynamics/FX/Perspective.gdyn" checksum="(null)">
  </resource>

  <resource identifier="${gimp_data_dir}/dynamics/Basic/Pressure-Opacity.gdyn" checksum="(null)">
  </resource>

  <resource identifier="${gimp_data_dir}/dynamics/Random-Color.gdyn" checksum="(null)">
  </resource>

  <resource identifier="${gimp_data_dir}/dynamics/FX/Speed_Size_Opacity.gdyn" checksum="(null)">
  </resource>

  <resource identifier="${gimp_data_dir}/dynamics/Tilt-Angle.gdyn" checksum="(null)">
  </resource>

  <resource identifier="${gimp_data_dir}/dynamics/Track-Direction.gdyn" checksum="(null)">
  </resource>

  <resource identifier="${gimp_data_dir}/dynamics/Velocity-Tapering.gdyn" checksum="(null)">
  </resource>

  <resource identifier="gimp-pattern-clipboard" checksum="eff9598f9f61c1dc78d842f1798c2ab8">
  </resource>

  <resource identifier="${gimp_dir}/patterns/Pencil-Sketch.pat" checksum="83f61c6c635dd2dbdc84af17087b429b">
  </resource>

  <resource identifier="${gimp_data_dir}/patterns/3dgreen.pat" checksum="00052731f14a5bc614daece969b368bc">
  </resource>

  <resource identifier="${gimp_data_dir}/patterns/amethyst.pat" checksum="ac004a0215ba837c01964226611635c0">
  </resource>

  <resource identifier="${gimp_data_dir}/patterns/blue.pat" checksum="9505c5e2df62d486dfd110eb08d9c022">
  </resource>

  <resource identifier="${gimp_data_dir}/patterns/bluegrid.pat" checksum="3ae3c2b4b499381174ccf8a49b8c205f">
  </resource>

  <resource identifier="${gimp_data_dir}/patterns/bluesquares.pat" checksum="6ae618f4f9833a1030fbf58c149c7241">
  </resource>

  <resource identifier="${gimp_data_dir}/patterns/blueweb.pat" checksum="b737ccf05a59c87cd120cc7a017224e7">
  </resource>

  <resource identifier="${gimp_data_dir}/patterns/brick.pat" checksum="1f241d71810da697b596525c50054ee7">
  </resource>

  <resource identifier="${gimp_data_dir}/patterns/burlap.pat" checksum="6046ce5617773e56cbc602842cd55124">
  </resource>

  <resource identifier="${gimp_data_dir}/patterns/burlwood.pat" checksum="3362a830595ec24c532d25fca6e82841">
  </resource>

  <resource identifier="${gimp_data_dir}/patterns/choc_swirl.pat" checksum="8f00b531d09279a0f7aa0c3208e26206">
  </resource>

  <resource identifier="${gimp_data_dir}/patterns/corkboard.pat" checksum="e0e344790d5425d5afe695b9b67b9a51">
  </resource>

  <resource identifier="${gimp_data_dir}/patterns/cracked.pat" checksum="31e59d7417cb4ef2dddd53cf2e136b2d">
  </resource>

  <resource identifier="${gimp_data_dir}/patterns/Craters.pat" checksum="6286edd005a095e1d20209bd8c63c130">
  </resource>

  <resource identifier="${gimp_data_dir}/patterns/crinklepaper.pat" checksum="b53d9e73d9c352e6cc4c94be921ba4d2">
  </resource>

  <resource identifier="${gimp_data_dir}/patterns/ground1.pat" checksum="00f690561e89d65d4b1257f0823b9977">
  </resource>

  <resource identifier="${gimp_data_dir}/patterns/electric.pat" checksum="c81aa3894d24289215497524598da855">
  </resource>

  <resource identifier="${gimp_data_dir}/patterns/fibers.pat" checksum="2830a6fc5f66e85493efedb4d4c6a84c">
  </resource>

  <resource identifier="${gimp_data_dir}/patterns/granite1.pat" checksum="c6220b4ee84951282053d96da7c0df91">
  </resource>

  <resource identifier="${gimp_data_dir}/patterns/ice.pat" checksum="3248a69c033c15e46356a9ecb996c652">
  </resource>

  <resource identifier="${gimp_data_dir}/patterns/java.pat" checksum="e66740db4790b501508b84b780a4158b">
  </resource>

  <resource identifier="${gimp_data_dir}/patterns/leather.pat" checksum="18fae1b0cb726162fda4c8a850ce6665">
  </resource>

  <resource identifier="${gimp_data_dir}/patterns/leopard.pat" checksum="e8518a613d2df2bfa1ce16c6f19380c0">
  </resource>

  <resource identifier="${gimp_data_dir}/patterns/lightning.pat" checksum="e53b923bdeccd742866cc836127b53cb">
  </resource>

  <resource identifier="${gimp_data_dir}/patterns/leaves.pat" checksum="991d0263a630f7d9379f3181cc5cf4dd">
  </resource>

  <resource identifier="${gimp_data_dir}/patterns/marble1.pat" checksum="7cca1d947b97e995440affa1a70e7afb">
  </resource>

  <resource identifier="${gimp_data_dir}/patterns/marble2.pat" checksum="b703250ff7bf9a13e0bf1cc7b951e8b4">
  </resource>

  <resource identifier="${gimp_data_dir}/patterns/marble3.pat" checksum="188e4483a8ad8d7adad18cb7475f2d4c">
  </resource>

  <resource identifier="${gimp_data_dir}/patterns/nops.pat" checksum="8e398be1aaa1b1ac6392ebb5a8dd5831">
  </resource>

  <resource identifier="${gimp_data_dir}/patterns/Moonfoot.pat" checksum="690271aaafee910dfc7b3fe2888c65cd">
  </resource>

  <resource identifier="${gimp_data_dir}/patterns/paper.pat" checksum="460447543ed49484ecf388d14d123eb8">
  </resource>

  <resource identifier="${gimp_data_dir}/patterns/parque1.pat" checksum="f7d5acd98b59f7830ea3b1afe92d29e6">
  </resource>

  <resource identifier="${gimp_data_dir}/patterns/parque2.pat" checksum="0b6e61665a81c96478faa1e4fe0af354">
  </resource>

  <resource identifier="${gimp_data_dir}/patterns/parque3.pat" checksum="a99fdcc9bc2814e7d51e05faeb07ec85">
  </resource>

  <resource identifier="${gimp_data_dir}/patterns/pastel.pat" checksum="9173341213573b8c87467733c34078ba">
  </resource>

  <resource identifier="${gimp_data_dir}/patterns/pine.pat" checksum="52fc540af9e485c532b96f3b2724ad74">
  </resource>

  <resource identifier="${gimp_data_dir}/patterns/wood2.pat" checksum="615a4ea243b717b73605569459aed362">
  </resource>

  <resource identifier="${gimp_data_dir}/patterns/pink_marble.pat" checksum="51a9ca43d2baf5243cb79d8a2f4db20f">
  </resource>

  <resource identifier="${gimp_data_dir}/patterns/pool.pat" checksum="b4f48469ab59632276d2b4d9af9dbde8">
  </resource>

  <resource identifier="${gimp_data_dir}/patterns/qube1.pat" checksum="3b96b82e490bea730e17dd752ffb7bc9">
  </resource>

  <resource identifier="${gimp_data_dir}/patterns/rain.pat" checksum="8babfb520276b39f918aa059ca1594be">
  </resource>

  <resource identifier="${gimp_data_dir}/patterns/recessed.pat" checksum="2743a836d39c547e0d83de27bffb45c1">
  </resource>

  <resource identifier="${gimp_data_dir}/patterns/redcube.pat" checksum="f64dee0efbc2fa301d7b4f3903a68308">
  </resource>

  <resource identifier="${gimp_data_dir}/patterns/rock.pat" checksum="93bc028e503811f0908f4de70681b733">
  </resource>

  <resource identifier="${gimp_data_dir}/patterns/sky.pat" checksum="78ffe7ed45f4cd89859a653debebc84c">
  </resource>

  <resource identifier="${gimp_data_dir}/patterns/slate.pat" checksum="fb10d3127362b61330e77ced0edddd7e">
  </resource>

  <resource identifier="${gimp_data_dir}/patterns/sm_squares.pat" checksum="4ba7d3135d74ec48bca8ee42c9645866">
  </resource>

  <resource identifier="${gimp_data_dir}/patterns/starfield.pat" checksum="b21a6bc688e62e02d16150fd5c2a3afe">
  </resource>

  <resource identifier="${gimp_data_dir}/patterns/stone33.pat" checksum="002ee5669bd46d09a642853bfd3a543f">
  </resource>

  <resource identifier="${gimp_data_dir}/patterns/Stripes2px.pat" checksum="7a5292735452fc15bf789fa3ea064ad2">
  </resource>

  <resource identifier="${gimp_data_dir}/patterns/Stripes1px.pat" checksum="7343d6b31434a2e736de3c5ab5197424">
  </resource>

  <resource identifier="${gimp_data_dir}/patterns/terra.pat" checksum="45c52055d10cc53a7a280777e6b76382">
  </resource>

  <resource identifier="${gimp_data_dir}/patterns/bark.pat" checksum="3d9dffc8833fe742b90c1a1f2f87e76c">
  </resource>

  <resource identifier="${gimp_data_dir}/patterns/walnut.pat" checksum="56b154ad68b400a4b62c62f314e278d4">
  </resource>

  <resource identifier="${gimp_data_dir}/patterns/warning.pat" checksum="bacf4a9e22fb7e97d705739ebf1aa205">
  </resource>

  <resource identifier="${gimp_data_dir}/patterns/wood5.pat" checksum="9a3b13cfc2d4a3b18bd7754506fe9ac6">
  </resource>

  <resource identifier="${gimp_data_dir}/patterns/wood3.pat" checksum="08109cffa79e14773e39e2390af5bc40">
  </resource>

  <resource identifier="${gimp_data_dir}/patterns/wood4.pat" checksum="2040255fdf70572e7d79395a7b191dd6">
  </resource>

  <resource identifier="${gimp_data_dir}/patterns/wood1.pat" checksum="0c055f250ddbccc1b32d05f8c0ad7012">
  </resource>

  <resource identifier="gimp-gradient-fg-bg-rgb" checksum="12ad9439c57e897e50fb0399439e5b2b">
  </resource>

  <resource identifier="gimp-gradient-fg-bg-hsv-ccw" checksum="65aacbbd72d99ff20ca1bd310f0a21a5">
  </resource>

  <resource identifier="gimp-gradient-fg-bg-hsv-cw" checksum="86589f70c8a7777c6e2d1d14b99e3759">
  </resource>

  <resource identifier="gimp-gradient-fg-bg-rgb" checksum="4a878c6cfae0b0e03c0834723daadf92">
  </resource>

  <resource identifier="gimp-gradient-fg-transparent" checksum="1491f74caf057a39c8193470da2d2a29">
  </resource>

  <resource identifier="${gimp_dir}/gradients/PictureFrames/Crown-Moulding-01.ggr" checksum="a99001211754bf3638d21a3f26dce0db">
  </resource>

  <resource identifier="${gimp_dir}/gradients/PictureFrames/Crown-Moulding-02.ggr" checksum="1e503cdff2db38682522a9324415540f">
  </resource>

  <resource identifier="${gimp_dir}/gradients/PictureFrames/Crown-Moulding-03.ggr" checksum="a6a1fc35ea8322398cbdb71ebf0028b1">
  </resource>

  <resource identifier="${gimp_dir}/gradients/PictureFrames/Crown-Moulding-04.ggr" checksum="0597efddb0d0a4010e38609c0860231f">
  </resource>

  <resource identifier="${gimp_dir}/gradients/PictureFrames/Crown-Moulding-05.ggr" checksum="645b79f2fec779833468682805bd4952">
  </resource>

  <resource identifier="${gimp_dir}/gradients/PictureFrames/Crown-Moulding-06.ggr" checksum="4b771c2b2b4e13e40a4780ad93e6b00d">
  </resource>

  <resource identifier="${gimp_dir}/gradients/PictureFrames/Crown-Moulding-07.ggr" checksum="6cab658d12704345381441948081b9a9">
  </resource>

  <resource identifier="${gimp_dir}/gradients/PictureFrames/Crown-Moulding-08.ggr" checksum="2f3ac1a10f3cd3dc6886a2c0b7363abc">
  </resource>

  <resource identifier="${gimp_dir}/gradients/PictureFrames/Crown-Moulding-09.ggr" checksum="e093ff444fc88def1e1a127e592f69e7">
  </resource>

  <resource identifier="${gimp_dir}/gradients/PictureFrames/Crown-Moulding-10.ggr" checksum="243b50be441895d62ab48b53f795786e">
  </resource>

  <resource identifier="${gimp_dir}/gradients/PictureFrames/Crown-Moulding-11.ggr" checksum="b5768463284a446168f4d220f317f961">
  </resource>

  <resource identifier="${gimp_data_dir}/gradients/Abstract_1.ggr" checksum="edaa7d1fc882ab813b75b49ee9272913">
  </resource>

  <resource identifier="${gimp_data_dir}/gradients/Abstract_2.ggr" checksum="3e6332a87dc9021be25a01ea217d12f0">
  </resource>

  <resource identifier="${gimp_data_dir}/gradients/Abstract_3.ggr" checksum="edef536ca9974a1fee7bc280c4fa9158">
  </resource>

  <resource identifier="${gimp_data_dir}/gradients/Aneurism.ggr" checksum="10d0afd25892733e4c8a71e7714c0a3c">
  </resource>

  <resource identifier="${gimp_data_dir}/gradients/Blinds.ggr" checksum="672688a7f97c746e27b995645d893f81">
  </resource>

  <resource identifier="${gimp_data_dir}/gradients/Blue_Green.ggr" checksum="ad7afdd77e95fb0cbc7b68627715aa13">
  </resource>

  <resource identifier="${gimp_data_dir}/gradients/Browns.ggr" checksum="d24a91392f3b5c5e34dedc8d1fc6bfa0">
  </resource>

  <resource identifier="${gimp_data_dir}/gradients/Brushed_Aluminium.ggr" checksum="8995cf0de6e9f5082a4bc879dc77ebd0">
  </resource>

  <resource identifier="${gimp_data_dir}/gradients/Burning_Paper.ggr" checksum="5aaed0c7692abe7cbfb75744b7967828">
  </resource>

  <resource identifier="${gimp_data_dir}/gradients/Burning_Transparency.ggr" checksum="ab6a58127b01c77ea378b97585d2d3cb">
  </resource>

  <resource identifier="${gimp_data_dir}/gradients/Caribbean_Blues.ggr" checksum="899e32a0cf94010dff9e1f93579f4292">
  </resource>

  <resource identifier="${gimp_data_dir}/gradients/CD.ggr" checksum="aa4627507fb28c79bb1d864f2ae3eeaa">
  </resource>

  <resource identifier="${gimp_data_dir}/gradients/CD_Half.ggr" checksum="6f70875e41cc69d68b7a0e7d9d5652bf">
  </resource>

  <resource identifier="${gimp_data_dir}/gradients/Coffee.ggr" checksum="a3407a154e1b875fe1858b57279db00f">
  </resource>

  <resource identifier="${gimp_data_dir}/gradients/Cold_Steel.ggr" checksum="656bc3893f6e7bbbaa9be0ee3a4a7c9f">
  </resource>

  <resource identifier="${gimp_data_dir}/gradients/Cold_Steel_2.ggr" checksum="b3b5c2560412ea9316116320f112ad9a">
  </resource>

  <resource identifier="${gimp_data_dir}/gradients/Crown_molding.ggr" checksum="e7fe6c14bf776c1564601bfc024d066e">
  </resource>

  <resource identifier="${gimp_data_dir}/gradients/Dark_1.ggr" checksum="57d6882650122320fe4a212c59de06a2">
  </resource>

  <resource identifier="${gimp_data_dir}/gradients/Deep_Sea.ggr" checksum="35b112cb987f0429da4350512b5db0fa">
  </resource>

  <resource identifier="${gimp_data_dir}/gradients/Default.ggr" checksum="ddc8841f60246138068a49dc22875804">
  </resource>

  <resource identifier="${gimp_data_dir}/gradients/Flare_Glow_Angular_1.ggr" checksum="4775a8280fbceeb59cf3859e084c28a1">
  </resource>

  <resource identifier="${gimp_data_dir}/gradients/Flare_Glow_Radial_1.ggr" checksum="e8c3d4029f64c368baa3ac8cd7bf8146">
  </resource>

  <resource identifier="${gimp_data_dir}/gradients/Flare_Glow_Radial_2.ggr" checksum="a557cd5278add08e372475d3d99f3e39">
  </resource>

  <resource identifier="${gimp_data_dir}/gradients/Flare_Glow_Radial_3.ggr" checksum="d86591dec258e8fdbb28732de345495c">
  </resource>

  <resource identifier="${gimp_data_dir}/gradients/Flare_Glow_Radial_4.ggr" checksum="f2eefd542fe04bd56e7218842684aee7">
  </resource>

  <resource identifier="${gimp_data_dir}/gradients/Flare_Radial_101.ggr" checksum="c7d51a864108ab38c58737a3f5d8284a">
  </resource>

  <resource identifier="${gimp_data_dir}/gradients/Flare_Radial_102.ggr" checksum="7763a8e71fac97f6cb07a3cf6c64ecc2">
  </resource>

  <resource identifier="${gimp_data_dir}/gradients/Flare_Radial_103.ggr" checksum="8f23721fa4910404f217b40d51085b60">
  </resource>

  <resource identifier="${gimp_data_dir}/gradients/Flare_Rays_Radial_1.ggr" checksum="3bf791c725e2d7f85a0aff0a93ac66d0">
  </resource>

  <resource identifier="${gimp_data_dir}/gradients/Flare_Rays_Radial_2.ggr" checksum="860f6ab9ab1b89fa2d58796e74bdcd77">
  </resource>

  <resource identifier="${gimp_data_dir}/gradients/Flare_Rays_Size_1.ggr" checksum="24a92724aafd292d8d3725efb13141b6">
  </resource>

  <resource identifier="${gimp_data_dir}/gradients/Flare_Sizefac_101.ggr" checksum="25f8ce37bf87e02514c8b23860dc53c8">
  </resource>

  <resource identifier="${gimp_data_dir}/gradients/Four_bars.ggr" checksum="514b2159057ba680eee275d1048c4d31">
  </resource>

  <resource identifier="${gimp_data_dir}/gradients/Full_saturation_spectrum_CCW.ggr" checksum="9011005e2f8cd96b67c62502052451bf">
  </resource>

  <resource identifier="${gimp_data_dir}/gradients/Full_saturation_spectrum_CW.ggr" checksum="173d8c6a0d6569643cc542afb229100f">
  </resource>

  <resource identifier="${gimp_data_dir}/gradients/Golden.ggr" checksum="34dfd5f7d4f5ab094d948d4ceae29d20">
  </resource>

  <resource identifier="${gimp_data_dir}/gradients/Greens.ggr" checksum="5ebfe1d2748811b766d270fcb8e01250">
  </resource>

  <resource identifier="${gimp_data_dir}/gradients/Horizon_1.ggr" checksum="8a64cd7cc03774fa5db60196b63ed078">
  </resource>

  <resource identifier="${gimp_data_dir}/gradients/Horizon_2.ggr" checksum="fad2e75f788e11c33397bea983573904">
  </resource>

  <resource identifier="${gimp_data_dir}/gradients/Incandescent.ggr" checksum="79b1b20641e619ee702f36bf8f15f2df">
  </resource>

  <resource identifier="${gimp_data_dir}/gradients/Land_1.ggr" checksum="2b31219738304a84f3079973558559d7">
  </resource>

  <resource identifier="${gimp_data_dir}/gradients/Land_and_Sea.ggr" checksum="870b89e11b32ddabbe66baf3bb44c36a">
  </resource>

  <resource identifier="${gimp_data_dir}/gradients/Metallic_Something.ggr" checksum="f829f3ca70599ad84228dfb991049e6e">
  </resource>

  <resource identifier="${gimp_data_dir}/gradients/Nauseating_Headache.ggr" checksum="c37ede154a94fa2c3f5efc3770b82c0d">
  </resource>

  <resource identifier="${gimp_data_dir}/gradients/Neon_Cyan.ggr" checksum="2054a504a44d4c418d83a102eeee80ce">
  </resource>

  <resource identifier="${gimp_data_dir}/gradients/Neon_Green.ggr" checksum="877576a7cfb92930f47e1c7d5ac405c1">
  </resource>

  <resource identifier="${gimp_data_dir}/gradients/Neon_Yellow.ggr" checksum="94b17fbb263aeef75dee98a28675f81e">
  </resource>

  <resource identifier="${gimp_data_dir}/gradients/Pastel_Rainbow.ggr" checksum="b981aa364dcf5f78c3f46e4bc6b83866">
  </resource>

  <resource identifier="${gimp_data_dir}/gradients/Pastels.ggr" checksum="23adc56dc00bd4ebf7f70ed1ed9cd539">
  </resource>

  <resource identifier="${gimp_data_dir}/gradients/Purples.ggr" checksum="2bd5415782982a935493fa803f195df4">
  </resource>

  <resource identifier="${gimp_data_dir}/gradients/Radial_Eyeball_Blue.ggr" checksum="04a114e3016ccc4f50bed7ed449aba98">
  </resource>

  <resource identifier="${gimp_data_dir}/gradients/Radial_Eyeball_Brown.ggr" checksum="a2c47e5a3971db798c478931271769bf">
  </resource>

  <resource identifier="${gimp_data_dir}/gradients/Radial_Eyeball_Green.ggr" checksum="64e7005a98fc4cd5e7b3a09026a99976">
  </resource>

  <resource identifier="${gimp_data_dir}/gradients/Radial_Glow_1.ggr" checksum="46b460d2125043e52fe69ef2a5e38cf8">
  </resource>

  <resource identifier="${gimp_data_dir}/gradients/Radial_Rainbow_Hoop.ggr" checksum="db1c3eae2bf94a0c8558cd525dcb0074">
  </resource>

  <resource identifier="${gimp_data_dir}/gradients/Rounded_edge.ggr" checksum="ab62d43581cfbaa9a31286e4197f5acc">
  </resource>

  <resource identifier="${gimp_data_dir}/gradients/Shadows_1.ggr" checksum="8e67174c5e65cb36187087c10dae4f05">
  </resource>

  <resource identifier="${gimp_data_dir}/gradients/Shadows_2.ggr" checksum="b810d88b1460235d91b78c3bafdf4706">
  </resource>

  <resource identifier="${gimp_data_dir}/gradients/Shadows_3.ggr" checksum="cbed6bf71e079f00d2d38e7d103c118e">
  </resource>

  <resource identifier="${gimp_data_dir}/gradients/Skyline.ggr" checksum="c84395a0afbee5a141bb99f949de277e">
  </resource>

  <resource identifier="${gimp_data_dir}/gradients/Skyline_polluted.ggr" checksum="7d2722640649ec4574bfa5f943842d88">
  </resource>

  <resource identifier="${gimp_data_dir}/gradients/Square_Wood_Frame.ggr" checksum="57c49346591e4919910c05e662656936">
  </resource>

  <resource identifier="${gimp_data_dir}/gradients/Sunrise.ggr" checksum="346584511d4125dc8b6ca89db2915755">
  </resource>

  <resource identifier="${gimp_data_dir}/gradients/Three_bars_sin.ggr" checksum="43fad05fbc9a509c6ac81e7133a182c0">
  </resource>

  <resource identifier="${gimp_data_dir}/gradients/Tropical_Colors.ggr" checksum="1931abcf7e88967e8350ed3523b2e6ef">
  </resource>

  <resource identifier="${gimp_data_dir}/gradients/Tube_Red.ggr" checksum="0d9bcc63aed51e02f133df0446b8fa7d">
  </resource>

  <resource identifier="${gimp_data_dir}/gradients/Wood_1.ggr" checksum="5cacfc0d19e98c156eb4b726ac05efa0">
  </resource>

  <resource identifier="${gimp_data_dir}/gradients/Wood_2.ggr" checksum="4f0609c7376dd30634170a8e0dbd2499">
  </resource>

  <resource identifier="${gimp_data_dir}/gradients/Yellow_Contrast.ggr" checksum="81e37626d2b0c9556bb4bbafd80a905f">
  </resource>

  <resource identifier="${gimp_data_dir}/gradients/Yellow_Orange.ggr" checksum="428584726006e23e260baa2a7d79f295">
  </resource>

  <resource identifier="${gimp_dir}/palettes/GPS-Pal/All-Color.gpl" checksum="f252b3aa2d59498818170478a94a4b39">
  </resource>

  <resource identifier="${gimp_dir}/palettes/GPS-Pal/Brown-Grey.gpl" checksum="fa9eecbb4e33033c09591423cd9dfe81">
  </resource>

  <resource identifier="${gimp_dir}/palettes/GPS-Pal/Classic-Kit-01.gpl" checksum="3b736904f20ef46e0092bd702078b828">
  </resource>

  <resource identifier="${gimp_dir}/palettes/GPS-Pal/Classic-Kit-02.gpl" checksum="a4da842f76be2a6e1b669af1ca3c3141">
  </resource>

  <resource identifier="${gimp_dir}/palettes/GPS-Pal/Color-Wheel-01.gpl" checksum="ca6bfb847907835ad3be6f060f89f8be">
  </resource>

  <resource identifier="${gimp_dir}/palettes/GPS-Pal/Color-Wheel-02.gpl" checksum="4a61f4afdb31bbcd5b4cb26d91d9b092">
  </resource>

  <resource identifier="${gimp_dir}/palettes/GPS-Pal/Color-Wheel-03.gpl" checksum="8b629425798b9bb2c1bba181dda03fdd">
  </resource>

  <resource identifier="${gimp_dir}/palettes/GPS-Pal/Crayons.gpl" checksum="2a323134c8629d2a1e691f7d13d7fed8">
  </resource>

  <resource identifier="${gimp_dir}/palettes/GPS-Pal/Human-Skin.gpl" checksum="bdd3583bdded313c6c3d9b76f3a4c3af">
  </resource>

  <resource identifier="${gimp_dir}/palettes/GPS-Pal/Nature-Grass.gpl" checksum="1dfeeb3ea2294df171d1d61857099f61">
  </resource>

  <resource identifier="${gimp_dir}/palettes/GPS-Pal/Nature-wood.gpl" checksum="6c372f0f43ebf7219cb7c9ea0763855d">
  </resource>

  <resource identifier="${gimp_dir}/palettes/GPS-Pal/Pales.gpl" checksum="0968e451e83f82457d9de7dc02d40a28">
  </resource>

  <resource identifier="${gimp_data_dir}/palettes/Bears.gpl" checksum="78ed57ce98194b9890d53156f2d23dff">
  </resource>

  <resource identifier="${gimp_data_dir}/palettes/Bgold.gpl" checksum="840dbd4f1fdb54fba12e1b01a53cb594">
  </resource>

  <resource identifier="${gimp_data_dir}/palettes/Blues.gpl" checksum="85df806581049d5c7142160f8be15b3d">
  </resource>

  <resource identifier="${gimp_data_dir}/palettes/Borders.gpl" checksum="40fba736e660c3a4b9effb18bd99f197">
  </resource>

  <resource identifier="${gimp_data_dir}/palettes/Browns_And_Yellows.gpl" checksum="d642210b147ec6b2b3f7d4d00bce6448">
  </resource>

  <resource identifier="${gimp_data_dir}/palettes/Caramel.gpl" checksum="1aca2195cd443e123a39a351b9dcde6a">
  </resource>

  <resource identifier="${gimp_data_dir}/palettes/Cascade.gpl" checksum="0c7f248f3e6e0b5908598c0716f343e0">
  </resource>

  <resource identifier="${gimp_data_dir}/palettes/China.gpl" checksum="385e4eae299501e51e1e57133c59b9bc">
  </resource>

  <resource identifier="${gimp_data_dir}/palettes/Coldfire.gpl" checksum="86fb4096a52e0513e325adc527ee53bd">
  </resource>

  <resource identifier="${gimp_data_dir}/palettes/Cool_Colors.gpl" checksum="e67631a0525ca4f6b55cc5403864dd58">
  </resource>

  <resource identifier="${gimp_data_dir}/palettes/Cranes.gpl" checksum="930ca1205b37670cc4d0e4217523f4dd">
  </resource>

  <resource identifier="${gimp_data_dir}/palettes/Dark_pastels.gpl" checksum="a1808a6c0c0fb8ed6cccebf8f81be7c6">
  </resource>

  <resource identifier="${gimp_data_dir}/palettes/Default.gpl" checksum="b8d8754cf636809b474b501e4c540788">
  </resource>

  <resource identifier="${gimp_data_dir}/palettes/Ega.gpl" checksum="b1137ce7df4638d79955d1e0cbe86b4c">
  </resource>

  <resource identifier="${gimp_data_dir}/palettes/Firecode.gpl" checksum="a7f69329d4fe917e3eb390176eada104">
  </resource>

  <resource identifier="${gimp_data_dir}/palettes/Gold.gpl" checksum="f59708b8641cb2d1d1ba0d2c4c80387f">
  </resource>

  <resource identifier="${gimp_data_dir}/palettes/Grayblue.gpl" checksum="e38693e07c1aade878e9b4b73ce3a9e9">
  </resource>

  <resource identifier="${gimp_data_dir}/palettes/Grays.gpl" checksum="fcf5e6f9da0fbc46bac07d34741fd648">
  </resource>

  <resource identifier="${gimp_data_dir}/palettes/GrayViolet.gpl" checksum="cc185bba2afa3d70a3ea5a7f8954d803">
  </resource>

  <resource identifier="${gimp_data_dir}/palettes/Greens.gpl" checksum="f841fd3441ed2516cd0717537857a23b">
  </resource>

  <resource identifier="${gimp_data_dir}/palettes/Hilite.gpl" checksum="29e9d573fda48806ac89520167693c4b">
  </resource>

  <resource identifier="${gimp_data_dir}/palettes/Khaki.gpl" checksum="7f51ad261206c23e9deb202d3e07b185">
  </resource>

  <resource identifier="${gimp_data_dir}/palettes/Lights.gpl" checksum="3483aee51ec01db06b41463903da53f9">
  </resource>

  <resource identifier="${gimp_data_dir}/palettes/Muted.gpl" checksum="24bc023216795f2eb722546696d3082d">
  </resource>

  <resource identifier="${gimp_data_dir}/palettes/Named_Colors.gpl" checksum="9ab88f7333eb4d71a2adb8af16053d68">
  </resource>

  <resource identifier="${gimp_data_dir}/palettes/News3.gpl" checksum="c9cb0bd3740bb33403ddfcfeedddfe86">
  </resource>

  <resource identifier="${gimp_data_dir}/palettes/Op2.gpl" checksum="f1a9ba4351a2afa70de37f2d52ae2a24">
  </resource>

  <resource identifier="${gimp_data_dir}/palettes/Paintjet.gpl" checksum="7a0b2987e1cc141c953f65b103254f28">
  </resource>

  <resource identifier="${gimp_data_dir}/palettes/Pastels.gpl" checksum="408851d9ef9aaba0e8ee272f2ff109da">
  </resource>

  <resource identifier="${gimp_data_dir}/palettes/Plasma.gpl" checksum="609fe025a1c06cdc1b82532bee77728e">
  </resource>

  <resource identifier="${gimp_data_dir}/palettes/Reds.gpl" checksum="a79ee8a8c8545acfc56626c2f7282ec8">
  </resource>

  <resource identifier="${gimp_data_dir}/palettes/Reds_And_Purples.gpl" checksum="c0bc2a7991d9c65ea9d19f9c5c47e8b1">
  </resource>

  <resource identifier="${gimp_data_dir}/palettes/Royal.gpl" checksum="88491b5b3b8a49b233283d4911a0facc">
  </resource>

  <resource identifier="${gimp_data_dir}/palettes/Tango.gpl" checksum="0c31eccdd183d0ae24778f1b1e527018">
  </resource>

  <resource identifier="${gimp_data_dir}/palettes/Topographic.gpl" checksum="97100b92dd4ade9206611691c76ef10f">
  </resource>

  <resource identifier="${gimp_data_dir}/palettes/Visibone.gpl" checksum="83236d5917dddacdc89d228e503db053">
  </resource>

  <resource identifier="${gimp_data_dir}/palettes/Visibone_2.gpl" checksum="a6ecc8ab9898c86dc03eb58ab6dcb3b9">
  </resource>

  <resource identifier="${gimp_data_dir}/palettes/Volcano.gpl" checksum="845fd42508a19ae0018181e33f6e2ef5">
  </resource>

  <resource identifier="${gimp_data_dir}/palettes/Warm_Colors.gpl" checksum="157369dc96d42b1b6faa0ca032ebc8df">
  </resource>

  <resource identifier="${gimp_data_dir}/palettes/Web.gpl" checksum="9bb7cb33cde798c7feb84f11d56138a8">
  </resource>

  <resource identifier="${gimp_dir}/tool-presets/Texto.gtp" checksum="(null)">
  </resource>

  <resource identifier="${gimp_data_dir}/tool-presets/Paint/Airbrush.gtp" checksum="(null)">
  </resource>

  <resource identifier="${gimp_data_dir}/tool-presets/Paint/Airbrush-Color-From-Gradient.gtp" checksum="(null)">
  </resource>

  <resource identifier="${gimp_data_dir}/tool-presets/Paint/Basic-Knife.gtp" checksum="(null)">
  </resource>

  <resource identifier="${gimp_data_dir}/tool-presets/Paint/Basic-Round.gtp" checksum="(null)">
  </resource>

  <resource identifier="${gimp_data_dir}/tool-presets/Paint/Basic-Round-Detail.gtp" checksum="(null)">
  </resource>

  <resource identifier="${gimp_data_dir}/tool-presets/Sketch/Blue-Pen.gtp" checksum="(null)">
  </resource>

  <resource identifier="${gimp_data_dir}/tool-presets/Paint/Bristles.gtp" checksum="(null)">
  </resource>

  <resource identifier="${gimp_data_dir}/tool-presets/Selection/Circle-200px.gtp" checksum="(null)">
  </resource>

  <resource identifier="${gimp_data_dir}/tool-presets/FX/Crop-16-9.gtp" checksum="(null)">
  </resource>

  <resource identifier="${gimp_data_dir}/tool-presets/FX/Crop-Composition.gtp" checksum="(null)">
  </resource>

  <resource identifier="${gimp_data_dir}/tool-presets/Paint/Eraser-Hard.gtp" checksum="(null)">
  </resource>

  <resource identifier="${gimp_data_dir}/tool-presets/Sketch/Eraser-Soft.gtp" checksum="(null)">
  </resource>

  <resource identifier="${gimp_data_dir}/tool-presets/Selection/Feathered-Selection.gtp" checksum="(null)">
  </resource>

  <resource identifier="${gimp_data_dir}/tool-presets/FX/Fill-Paper.gtp" checksum="(null)">
  </resource>

  <resource identifier="${gimp_data_dir}/tool-presets/FX/FX-Confetti.gtp" checksum="(null)">
  </resource>

  <resource identifier="${gimp_data_dir}/tool-presets/FX/FX-Radial-Softlight.gtp" checksum="(null)">
  </resource>

  <resource identifier="${gimp_data_dir}/tool-presets/FX/Glow-Lights.gtp" checksum="(null)">
  </resource>

  <resource identifier="${gimp_data_dir}/tool-presets/Sketch/Ink-Smooth.gtp" checksum="(null)">
  </resource>

  <resource identifier="${gimp_data_dir}/tool-presets/Sketch/Ink-Thin.gtp" checksum="(null)">
  </resource>

  <resource identifier="${gimp_data_dir}/tool-presets/Paint/Noise.gtp" checksum="(null)">
  </resource>

  <resource identifier="${gimp_data_dir}/tool-presets/Paint/Paintbrush-Color-From-Gradient.gtp" checksum="(null)">
  </resource>

  <resource identifier="${gimp_data_dir}/tool-presets/Sketch/Pencil.gtp" checksum="(null)">
  </resource>

  <resource identifier="${gimp_data_dir}/tool-presets/Paint/Pencil-Color-From-Gradient.gtp" checksum="(null)">
  </resource>

  <resource identifier="${gimp_data_dir}/tool-presets/Sketch/Pencil-Soft.gtp" checksum="(null)">
  </resource>

  <resource identifier="${gimp_data_dir}/tool-presets/FX/Smooth-Clone.gtp" checksum="(null)">
  </resource>

  <resource identifier="${gimp_data_dir}/tool-presets/Paint/Smudge-Rough.gtp" checksum="(null)">
  </resource>

  <resource identifier="${gimp_data_dir}/tool-presets/Paint/Smudge-Soft.gtp" checksum="(null)">
  </resource>

  <resource identifier="${gimp_data_dir}/tool-presets/Paint/Soft-Oil.gtp" checksum="(null)">
  </resource>

  <resource identifier="${gimp_data_dir}/tool-presets/Paint/Splatters.gtp" checksum="(null)">
  </resource>

  <resource identifier="${gimp_data_dir}/tool-presets/Paint/Structure.gtp" checksum="(null)">
  </resource>

  <resource identifier="${gimp_data_dir}/tool-presets/Paint/Vegetal.gtp" checksum="(null)">
  </resource>

  <resource identifier="${gimp_data_dir}/tool-presets/FX/Vignette.gtp" checksum="(null)">
  </resource>
</tags>
